1770822898414,0,0,700000000,0,0,ch0/block_00000.bin
1770822898414,0,1,700000000,0,0,ch1/block_00000.bin
1770822898414,0,2,700000000,0,0,ch2/block_00000.bin
1770822898414,0,3,700000000,0,0,ch3/block_00000.bin
1770822898523,1,0,700000000,0,0,ch0/block_00001.bin
1770822898523,1,1,700000000,0,0,ch1/block_00001.bin
1770822898523,1,2,700000000,0,0,ch2/block_00001.bin
1770822898523,1,3,700000000,0,0,ch3/block_00001.bin
1770822898632,2,0,700000000,0,0,ch0/block_00002.bin
1770822898632,2,1,700000000,0,0,ch1/block_00002.bin
1770822898632,2,2,700000000,0,0,ch2/block_00002.bin
1770822898632,2,3,700000000,0,0,ch3/block_00002.bin
1770822898742,3,0,700000000,0,0,ch0/block_00003.bin
1770822898742,3,1,700000000,0,0,ch1/block_00003.bin
1770822898742,3,2,700000000,0,0,ch2/block_00003.bin
1770822898742,3,3,700000000,0,0,ch3/block_00003.bin
1770822898851,4,0,700000000,0,0,ch0/block_00004.bin
1770822898851,4,1,700000000,0,0,ch1/block_00004.bin
1770822898851,4,2,700000000,0,0,ch2/block_00004.bin
1770822898851,4,3,700000000,0,0,ch3/block_00004.bin
1770822898960,5,0,700000000,0,0,ch0/block_00005.bin
1770822898960,5,1,700000000,0,0,ch1/block_00005.bin
1770822898960,5,2,700000000,0,0,ch2/block_00005.bin
1770822898960,5,3,700000000,0,0,ch3/block_00005.bin
1770822899069,6,0,700000000,0,0,ch0/block_00006.bin
1770822899069,6,1,700000000,0,0,ch1/block_00006.bin
1770822899069,6,2,700000000,0,0,ch2/block_00006.bin
1770822899069,6,3,700000000,0,0,ch3/block_00006.bin
1770822899179,7,0,700000000,0,0,ch0/block_00007.bin
1770822899179,7,1,700000000,0,0,ch1/block_00007.bin
1770822899179,7,2,700000000,0,0,ch2/block_00007.bin
1770822899179,7,3,700000000,0,0,ch3/block_00007.bin
1770822899287,8,0,700000000,0,0,ch0/block_00008.bin
1770822899287,8,1,700000000,0,0,ch1/block_00008.bin
1770822899287,8,2,700000000,0,0,ch2/block_00008.bin
1770822899287,8,3,700000000,0,0,ch3/block_00008.bin
1770822899397,9,0,700000000,0,0,ch0/block_00009.bin
1770822899397,9,1,700000000,0,0,ch1/block_00009.bin
1770822899397,9,2,700000000,0,0,ch2/block_00009.bin
1770822899397,9,3,700000000,0,0,ch3/block_00009.bin
1770822899506,10,0,700000000,0,0,ch0/block_00010.bin
1770822899506,10,1,700000000,0,0,ch1/block_00010.bin
1770822899506,10,2,700000000,0,0,ch2/block_00010.bin
1770822899506,10,3,700000000,0,0,ch3/block_00010.bin
1770822899615,11,0,700000000,0,0,ch0/block_00011.bin
1770822899615,11,1,700000000,0,0,ch1/block_00011.bin
1770822899615,11,2,700000000,0,0,ch2/block_00011.bin
1770822899615,11,3,700000000,0,0,ch3/block_00011.bin
1770822899724,12,0,700000000,0,0,ch0/block_00012.bin
1770822899724,12,1,700000000,0,0,ch1/block_00012.bin
1770822899724,12,2,700000000,0,0,ch2/block_00012.bin
1770822899724,12,3,700000000,0,0,ch3/block_00012.bin
1770822899833,13,0,700000000,0,0,ch0/block_00013.bin
1770822899833,13,1,700000000,0,0,ch1/block_00013.bin
1770822899833,13,2,700000000,0,0,ch2/block_00013.bin
1770822899833,13,3,700000000,0,0,ch3/block_00013.bin
1770822899943,14,0,700000000,0,0,ch0/block_00014.bin
1770822899943,14,1,700000000,0,0,ch1/block_00014.bin
1770822899943,14,2,700000000,0,0,ch2/block_00014.bin
1770822899943,14,3,700000000,0,0,ch3/block_00014.bin
1770822900052,15,0,700000000,0,0,ch0/block_00015.bin
1770822900052,15,1,700000000,0,0,ch1/block_00015.bin
1770822900052,15,2,700000000,0,0,ch2/block_00015.bin
1770822900052,15,3,700000000,0,0,ch3/block_00015.bin
1770822900161,16,0,700000000,0,0,ch0/block_00016.bin
1770822900161,16,1,700000000,0,0,ch1/block_00016.bin
1770822900161,16,2,700000000,0,0,ch2/block_00016.bin
1770822900161,16,3,700000000,0,0,ch3/block_00016.bin
1770822900270,17,0,700000000,0,0,ch0/block_00017.bin
1770822900270,17,1,700000000,0,0,ch1/block_00017.bin
1770822900270,17,2,700000000,0,0,ch2/block_00017.bin
1770822900270,17,3,700000000,0,0,ch3/block_00017.bin
1770822900380,18,0,700000000,0,0,ch0/block_00018.bin
1770822900380,18,1,700000000,0,0,ch1/block_00018.bin
1770822900380,18,2,700000000,0,0,ch2/block_00018.bin
1770822900380,18,3,700000000,0,0,ch3/block_00018.bin
1770822900489,19,0,700000000,0,0,ch0/block_00019.bin
1770822900489,19,1,700000000,0,0,ch1/block_00019.bin
1770822900489,19,2,700000000,0,0,ch2/block_00019.bin
1770822900489,19,3,700000000,0,0,ch3/block_00019.bin
1770822900598,20,0,700000000,0,0,ch0/block_00020.bin
1770822900598,20,1,700000000,0,0,ch1/block_00020.bin
1770822900598,20,2,700000000,0,0,ch2/block_00020.bin
1770822900598,20,3,700000000,0,0,ch3/block_00020.bin
1770822900707,21,0,700000000,0,0,ch0/block_00021.bin
1770822900707,21,1,700000000,0,0,ch1/block_00021.bin
1770822900707,21,2,700000000,0,0,ch2/block_00021.bin
1770822900707,21,3,700000000,0,0,ch3/block_00021.bin
1770822900816,22,0,700000000,0,0,ch0/block_00022.bin
1770822900816,22,1,700000000,0,0,ch1/block_00022.bin
1770822900816,22,2,700000000,0,0,ch2/block_00022.bin
1770822900816,22,3,700000000,0,0,ch3/block_00022.bin
1770822900926,23,0,700000000,0,0,ch0/block_00023.bin
1770822900926,23,1,700000000,0,0,ch1/block_00023.bin
1770822900926,23,2,700000000,0,0,ch2/block_00023.bin
1770822900926,23,3,700000000,0,0,ch3/block_00023.bin
1770822901035,24,0,700000000,0,0,ch0/block_00024.bin
1770822901035,24,1,700000000,0,0,ch1/block_00024.bin
1770822901035,24,2,700000000,0,0,ch2/block_00024.bin
1770822901035,24,3,700000000,0,0,ch3/block_00024.bin
1770822901144,25,0,700000000,0,0,ch0/block_00025.bin
1770822901144,25,1,700000000,0,0,ch1/block_00025.bin
1770822901144,25,2,700000000,0,0,ch2/block_00025.bin
1770822901144,25,3,700000000,0,0,ch3/block_00025.bin
1770822901254,26,0,700000000,0,0,ch0/block_00026.bin
1770822901254,26,1,700000000,0,0,ch1/block_00026.bin
1770822901254,26,2,700000000,0,0,ch2/block_00026.bin
1770822901254,26,3,700000000,0,0,ch3/block_00026.bin
1770822901363,27,0,700000000,0,0,ch0/block_00027.bin
1770822901363,27,1,700000000,0,0,ch1/block_00027.bin
1770822901363,27,2,700000000,0,0,ch2/block_00027.bin
1770822901363,27,3,700000000,0,0,ch3/block_00027.bin
1770822901472,28,0,700000000,0,0,ch0/block_00028.bin
1770822901472,28,1,700000000,0,0,ch1/block_00028.bin
1770822901472,28,2,700000000,0,0,ch2/block_00028.bin
1770822901472,28,3,700000000,0,0,ch3/block_00028.bin
1770822901581,29,0,700000000,0,0,ch0/block_00029.bin
1770822901581,29,1,700000000,0,0,ch1/block_00029.bin
1770822901581,29,2,700000000,0,0,ch2/block_00029.bin
1770822901581,29,3,700000000,0,0,ch3/block_00029.bin
1770822901690,30,0,700000000,0,0,ch0/block_00030.bin
1770822901690,30,1,700000000,0,0,ch1/block_00030.bin
1770822901690,30,2,700000000,0,0,ch2/block_00030.bin
1770822901690,30,3,700000000,0,0,ch3/block_00030.bin
1770822901799,31,0,700000000,0,0,ch0/block_00031.bin
1770822901799,31,1,700000000,0,0,ch1/block_00031.bin
1770822901799,31,2,700000000,0,0,ch2/block_00031.bin
1770822901799,31,3,700000000,0,0,ch3/block_00031.bin
1770822901909,32,0,700000000,0,0,ch0/block_00032.bin
1770822901909,32,1,700000000,0,0,ch1/block_00032.bin
1770822901909,32,2,700000000,0,0,ch2/block_00032.bin
1770822901909,32,3,700000000,0,0,ch3/block_00032.bin
1770822902018,33,0,700000000,0,0,ch0/block_00033.bin
1770822902018,33,1,700000000,0,0,ch1/block_00033.bin
1770822902018,33,2,700000000,0,0,ch2/block_00033.bin
1770822902018,33,3,700000000,0,0,ch3/block_00033.bin
1770822902127,34,0,700000000,0,0,ch0/block_00034.bin
1770822902127,34,1,700000000,0,0,ch1/block_00034.bin
1770822902127,34,2,700000000,0,0,ch2/block_00034.bin
1770822902127,34,3,700000000,0,0,ch3/block_00034.bin
1770822902236,35,0,700000000,0,0,ch0/block_00035.bin
1770822902236,35,1,700000000,0,0,ch1/block_00035.bin
1770822902236,35,2,700000000,0,0,ch2/block_00035.bin
1770822902236,35,3,700000000,0,0,ch3/block_00035.bin
1770822902346,36,0,700000000,0,0,ch0/block_00036.bin
1770822902346,36,1,700000000,0,0,ch1/block_00036.bin
1770822902346,36,2,700000000,0,0,ch2/block_00036.bin
1770822902346,36,3,700000000,0,0,ch3/block_00036.bin
1770822902455,37,0,700000000,0,0,ch0/block_00037.bin
1770822902455,37,1,700000000,0,0,ch1/block_00037.bin
1770822902455,37,2,700000000,0,0,ch2/block_00037.bin
1770822902455,37,3,700000000,0,0,ch3/block_00037.bin
1770822902564,38,0,700000000,0,0,ch0/block_00038.bin
1770822902564,38,1,700000000,0,0,ch1/block_00038.bin
1770822902564,38,2,700000000,0,0,ch2/block_00038.bin
1770822902564,38,3,700000000,0,0,ch3/block_00038.bin
1770822902673,39,0,700000000,0,0,ch0/block_00039.bin
1770822902673,39,1,700000000,0,0,ch1/block_00039.bin
1770822902673,39,2,700000000,0,0,ch2/block_00039.bin
1770822902673,39,3,700000000,0,0,ch3/block_00039.bin
1770822902783,40,0,700000000,0,0,ch0/block_00040.bin
1770822902783,40,1,700000000,0,0,ch1/block_00040.bin
1770822902783,40,2,700000000,0,0,ch2/block_00040.bin
1770822902783,40,3,700000000,0,0,ch3/block_00040.bin
1770822902892,41,0,700000000,0,0,ch0/block_00041.bin
1770822902892,41,1,700000000,0,0,ch1/block_00041.bin
1770822902892,41,2,700000000,0,0,ch2/block_00041.bin
1770822902892,41,3,700000000,0,0,ch3/block_00041.bin
1770822903001,42,0,700000000,0,0,ch0/block_00042.bin
1770822903001,42,1,700000000,0,0,ch1/block_00042.bin
1770822903001,42,2,700000000,0,0,ch2/block_00042.bin
1770822903001,42,3,700000000,0,0,ch3/block_00042.bin
1770822903656,48,0,700000000,496,0,ch0/block_00048.bin
1770822903656,48,1,700000000,496,0,ch1/block_00048.bin
1770822903656,48,2,700000000,496,0,ch2/block_00048.bin
1770822903656,48,3,700000000,496,0,ch3/block_00048.bin
1770822903766,49,0,700000000,496,0,ch0/block_00049.bin
1770822903766,49,1,700000000,496,0,ch1/block_00049.bin
1770822903766,49,2,700000000,496,0,ch2/block_00049.bin
1770822903766,49,3,700000000,496,0,ch3/block_00049.bin
1770822904422,55,0,700000000,496,0,ch0/block_00055.bin
1770822904422,55,1,700000000,496,0,ch1/block_00055.bin
1770822904422,55,2,700000000,496,0,ch2/block_00055.bin
1770822904422,55,3,700000000,496,0,ch3/block_00055.bin
1770822905076,61,0,700000000,496,0,ch0/block_00061.bin
1770822905076,61,1,700000000,496,0,ch1/block_00061.bin
1770822905076,61,2,700000000,496,0,ch2/block_00061.bin
1770822905076,61,3,700000000,496,0,ch3/block_00061.bin
1770822905841,67,0,429000000,496,0,ch0/block_00067.bin
1770822905841,67,1,429000000,496,0,ch1/block_00067.bin
1770822905841,67,2,429000000,496,0,ch2/block_00067.bin
1770822905841,67,3,429000000,496,0,ch3/block_00067.bin
1770822905950,68,0,429000000,496,0,ch0/block_00068.bin
1770822905950,68,1,429000000,496,0,ch1/block_00068.bin
1770822905950,68,2,429000000,496,0,ch2/block_00068.bin
1770822905950,68,3,429000000,496,0,ch3/block_00068.bin
1770822906496,74,0,429000000,496,0,ch0/block_00074.bin
1770822906496,74,1,429000000,496,0,ch1/block_00074.bin
1770822906496,74,2,429000000,496,0,ch2/block_00074.bin
1770822906496,74,3,429000000,496,0,ch3/block_00074.bin
1770822907151,80,0,429000000,496,0,ch0/block_00080.bin
1770822907151,80,1,429000000,496,0,ch1/block_00080.bin
1770822907151,80,2,429000000,496,0,ch2/block_00080.bin
1770822907151,80,3,429000000,496,0,ch3/block_00080.bin
1770822907806,86,0,429000000,496,0,ch0/block_00086.bin
1770822907806,86,1,429000000,496,0,ch1/block_00086.bin
1770822907806,86,2,429000000,496,0,ch2/block_00086.bin
1770822907806,86,3,429000000,496,0,ch3/block_00086.bin
1770822908462,92,0,429000000,496,0,ch0/block_00092.bin
1770822908462,92,1,429000000,496,0,ch1/block_00092.bin
1770822908462,92,2,429000000,496,0,ch2/block_00092.bin
1770822908462,92,3,429000000,496,0,ch3/block_00092.bin
1770822909116,98,0,429000000,496,0,ch0/block_00098.bin
1770822909116,98,1,429000000,496,0,ch1/block_00098.bin
1770822909116,98,2,429000000,496,0,ch2/block_00098.bin
1770822909116,98,3,429000000,496,0,ch3/block_00098.bin
1770822909773,104,0,429000000,496,0,ch0/block_00104.bin
1770822909773,104,1,429000000,496,0,ch1/block_00104.bin
1770822909773,104,2,429000000,496,0,ch2/block_00104.bin
1770822909773,104,3,429000000,496,0,ch3/block_00104.bin
1770822910428,110,0,429000000,496,0,ch0/block_00110.bin
1770822910428,110,1,429000000,496,0,ch1/block_00110.bin
1770822910428,110,2,429000000,496,0,ch2/block_00110.bin
1770822910428,110,3,429000000,496,0,ch3/block_00110.bin
1770822911083,116,0,429000000,496,0,ch0/block_00116.bin
1770822911083,116,1,429000000,496,0,ch1/block_00116.bin
1770822911083,116,2,429000000,496,0,ch2/block_00116.bin
1770822911083,116,3,429000000,496,0,ch3/block_00116.bin
1770822911739,122,0,429000000,496,0,ch0/block_00122.bin
1770822911739,122,1,429000000,496,0,ch1/block_00122.bin
1770822911739,122,2,429000000,496,0,ch2/block_00122.bin
1770822911739,122,3,429000000,496,0,ch3/block_00122.bin
1770822912394,128,0,429000000,496,0,ch0/block_00128.bin
1770822912394,128,1,429000000,496,0,ch1/block_00128.bin
1770822912394,128,2,429000000,496,0,ch2/block_00128.bin
1770822912394,128,3,429000000,496,0,ch3/block_00128.bin
1770822913050,134,0,429000000,496,0,ch0/block_00134.bin
1770822913050,134,1,429000000,496,0,ch1/block_00134.bin
1770822913050,134,2,429000000,496,0,ch2/block_00134.bin
1770822913050,134,3,429000000,496,0,ch3/block_00134.bin
1770822913705,140,0,429000000,496,0,ch0/block_00140.bin
1770822913705,140,1,429000000,496,0,ch1/block_00140.bin
1770822913705,140,2,429000000,496,0,ch2/block_00140.bin
1770822913705,140,3,429000000,496,0,ch3/block_00140.bin
1770822914360,146,0,429000000,496,0,ch0/block_00146.bin
1770822914360,146,1,429000000,496,0,ch1/block_00146.bin
1770822914360,146,2,429000000,496,0,ch2/block_00146.bin
1770822914360,146,3,429000000,496,0,ch3/block_00146.bin
1770822915016,152,0,429000000,496,0,ch0/block_00152.bin
1770822915016,152,1,429000000,496,0,ch1/block_00152.bin
1770822915016,152,2,429000000,496,0,ch2/block_00152.bin
1770822915016,152,3,429000000,496,0,ch3/block_00152.bin
1770822915671,158,0,429000000,496,0,ch0/block_00158.bin
1770822915671,158,1,429000000,496,0,ch1/block_00158.bin
1770822915671,158,2,429000000,496,0,ch2/block_00158.bin
1770822915671,158,3,429000000,496,0,ch3/block_00158.bin
1770822916326,164,0,429000000,496,0,ch0/block_00164.bin
1770822916326,164,1,429000000,496,0,ch1/block_00164.bin
1770822916326,164,2,429000000,496,0,ch2/block_00164.bin
1770822916326,164,3,429000000,496,0,ch3/block_00164.bin
1770822916436,165,0,429000000,496,0,ch0/block_00165.bin
1770822916436,165,1,429000000,496,0,ch1/block_00165.bin
1770822916436,165,2,429000000,496,0,ch2/block_00165.bin
1770822916436,165,3,429000000,496,0,ch3/block_00165.bin
1770822917091,171,0,429000000,496,0,ch0/block_00171.bin
1770822917091,171,1,429000000,496,0,ch1/block_00171.bin
1770822917091,171,2,429000000,496,0,ch2/block_00171.bin
1770822917091,171,3,429000000,496,0,ch3/block_00171.bin
1770822917746,177,0,429000000,496,0,ch0/block_00177.bin
1770822917746,177,1,429000000,496,0,ch1/block_00177.bin
1770822917746,177,2,429000000,496,0,ch2/block_00177.bin
1770822917746,177,3,429000000,496,0,ch3/block_00177.bin
1770822918402,183,0,429000000,496,0,ch0/block_00183.bin
1770822918402,183,1,429000000,496,0,ch1/block_00183.bin
1770822918402,183,2,429000000,496,0,ch2/block_00183.bin
1770822918402,183,3,429000000,496,0,ch3/block_00183.bin
1770822919057,189,0,429000000,496,0,ch0/block_00189.bin
1770822919057,189,1,429000000,496,0,ch1/block_00189.bin
1770822919057,189,2,429000000,496,0,ch2/block_00189.bin
1770822919057,189,3,429000000,496,0,ch3/block_00189.bin
1770822919712,195,0,429000000,496,0,ch0/block_00195.bin
1770822919712,195,1,429000000,496,0,ch1/block_00195.bin
1770822919712,195,2,429000000,496,0,ch2/block_00195.bin
1770822919712,195,3,429000000,496,0,ch3/block_00195.bin
1770822920368,201,0,429000000,496,0,ch0/block_00201.bin
1770822920368,201,1,429000000,496,0,ch1/block_00201.bin
1770822920368,201,2,429000000,496,0,ch2/block_00201.bin
1770822920368,201,3,429000000,496,0,ch3/block_00201.bin
1770822921023,207,0,429000000,496,0,ch0/block_00207.bin
1770822921023,207,1,429000000,496,0,ch1/block_00207.bin
1770822921023,207,2,429000000,496,0,ch2/block_00207.bin
1770822921023,207,3,429000000,496,0,ch3/block_00207.bin
1770822921133,208,0,429000000,496,0,ch0/block_00208.bin
1770822921133,208,1,429000000,496,0,ch1/block_00208.bin
1770822921133,208,2,429000000,496,0,ch2/block_00208.bin
1770822921133,208,3,429000000,496,0,ch3/block_00208.bin
1770822921240,209,0,429000000,496,0,ch0/block_00209.bin
1770822921240,209,1,429000000,496,0,ch1/block_00209.bin
1770822921240,209,2,429000000,496,0,ch2/block_00209.bin
1770822921240,209,3,429000000,496,0,ch3/block_00209.bin
1770822921349,210,0,429000000,496,0,ch0/block_00210.bin
1770822921349,210,1,429000000,496,0,ch1/block_00210.bin
1770822921349,210,2,429000000,496,0,ch2/block_00210.bin
1770822921349,210,3,429000000,496,0,ch3/block_00210.bin
1770822922115,216,0,429000000,229,0,ch0/block_00216.bin
1770822922115,216,1,429000000,229,0,ch1/block_00216.bin
1770822922115,216,2,429000000,229,0,ch2/block_00216.bin
1770822922115,216,3,429000000,229,0,ch3/block_00216.bin
1770822922225,217,0,429000000,229,0,ch0/block_00217.bin
1770822922225,217,1,429000000,229,0,ch1/block_00217.bin
1770822922225,217,2,429000000,229,0,ch2/block_00217.bin
1770822922225,217,3,429000000,229,0,ch3/block_00217.bin
1770822922334,218,0,429000000,229,0,ch0/block_00218.bin
1770822922334,218,1,429000000,229,0,ch1/block_00218.bin
1770822922334,218,2,429000000,229,0,ch2/block_00218.bin
1770822922334,218,3,429000000,229,0,ch3/block_00218.bin
1770822922443,219,0,429000000,229,0,ch0/block_00219.bin
1770822922443,219,1,429000000,229,0,ch1/block_00219.bin
1770822922443,219,2,429000000,229,0,ch2/block_00219.bin
1770822922443,219,3,429000000,229,0,ch3/block_00219.bin
1770822922551,220,0,429000000,229,0,ch0/block_00220.bin
1770822922551,220,1,429000000,229,0,ch1/block_00220.bin
1770822922551,220,2,429000000,229,0,ch2/block_00220.bin
1770822922551,220,3,429000000,229,0,ch3/block_00220.bin
1770822922660,221,0,429000000,229,0,ch0/block_00221.bin
1770822922660,221,1,429000000,229,0,ch1/block_00221.bin
1770822922660,221,2,429000000,229,0,ch2/block_00221.bin
1770822922660,221,3,429000000,229,0,ch3/block_00221.bin
1770822922769,222,0,429000000,229,0,ch0/block_00222.bin
1770822922769,222,1,429000000,229,0,ch1/block_00222.bin
1770822922769,222,2,429000000,229,0,ch2/block_00222.bin
1770822922769,222,3,429000000,229,0,ch3/block_00222.bin
1770822922880,223,0,429000000,229,0,ch0/block_00223.bin
1770822922880,223,1,429000000,229,0,ch1/block_00223.bin
1770822922880,223,2,429000000,229,0,ch2/block_00223.bin
1770822922880,223,3,429000000,229,0,ch3/block_00223.bin
1770822922988,224,0,429000000,229,0,ch0/block_00224.bin
1770822922988,224,1,429000000,229,0,ch1/block_00224.bin
1770822922988,224,2,429000000,229,0,ch2/block_00224.bin
1770822922988,224,3,429000000,229,0,ch3/block_00224.bin
1770822923097,225,0,429000000,229,0,ch0/block_00225.bin
1770822923097,225,1,429000000,229,0,ch1/block_00225.bin
1770822923097,225,2,429000000,229,0,ch2/block_00225.bin
1770822923097,225,3,429000000,229,0,ch3/block_00225.bin
1770822923207,226,0,429000000,229,0,ch0/block_00226.bin
1770822923207,226,1,429000000,229,0,ch1/block_00226.bin
1770822923207,226,2,429000000,229,0,ch2/block_00226.bin
1770822923207,226,3,429000000,229,0,ch3/block_00226.bin
1770822923317,227,0,429000000,229,0,ch0/block_00227.bin
1770822923317,227,1,429000000,229,0,ch1/block_00227.bin
1770822923317,227,2,429000000,229,0,ch2/block_00227.bin
1770822923317,227,3,429000000,229,0,ch3/block_00227.bin
1770822923425,228,0,429000000,229,0,ch0/block_00228.bin
1770822923425,228,1,429000000,229,0,ch1/block_00228.bin
1770822923425,228,2,429000000,229,0,ch2/block_00228.bin
1770822923425,228,3,429000000,229,0,ch3/block_00228.bin
1770822923534,229,0,429000000,229,0,ch0/block_00229.bin
1770822923534,229,1,429000000,229,0,ch1/block_00229.bin
1770822923534,229,2,429000000,229,0,ch2/block_00229.bin
1770822923534,229,3,429000000,229,0,ch3/block_00229.bin
1770822923643,230,0,429000000,229,0,ch0/block_00230.bin
1770822923643,230,1,429000000,229,0,ch1/block_00230.bin
1770822923643,230,2,429000000,229,0,ch2/block_00230.bin
1770822923643,230,3,429000000,229,0,ch3/block_00230.bin
1770822923753,231,0,429000000,229,0,ch0/block_00231.bin
1770822923753,231,1,429000000,229,0,ch1/block_00231.bin
1770822923753,231,2,429000000,229,0,ch2/block_00231.bin
1770822923753,231,3,429000000,229,0,ch3/block_00231.bin
1770822923862,232,0,429000000,229,0,ch0/block_00232.bin
1770822923862,232,1,429000000,229,0,ch1/block_00232.bin
1770822923862,232,2,429000000,229,0,ch2/block_00232.bin
1770822923862,232,3,429000000,229,0,ch3/block_00232.bin
1770822923971,233,0,429000000,229,0,ch0/block_00233.bin
1770822923971,233,1,429000000,229,0,ch1/block_00233.bin
1770822923971,233,2,429000000,229,0,ch2/block_00233.bin
1770822923971,233,3,429000000,229,0,ch3/block_00233.bin
1770822924081,234,0,429000000,229,0,ch0/block_00234.bin
1770822924081,234,1,429000000,229,0,ch1/block_00234.bin
1770822924081,234,2,429000000,229,0,ch2/block_00234.bin
1770822924081,234,3,429000000,229,0,ch3/block_00234.bin
1770822924190,235,0,429000000,229,0,ch0/block_00235.bin
1770822924190,235,1,429000000,229,0,ch1/block_00235.bin
1770822924190,235,2,429000000,229,0,ch2/block_00235.bin
1770822924190,235,3,429000000,229,0,ch3/block_00235.bin
1770822924299,236,0,429000000,229,0,ch0/block_00236.bin
1770822924299,236,1,429000000,229,0,ch1/block_00236.bin
1770822924299,236,2,429000000,229,0,ch2/block_00236.bin
1770822924299,236,3,429000000,229,0,ch3/block_00236.bin
1770822924408,237,0,429000000,229,0,ch0/block_00237.bin
1770822924408,237,1,429000000,229,0,ch1/block_00237.bin
1770822924408,237,2,429000000,229,0,ch2/block_00237.bin
1770822924408,237,3,429000000,229,0,ch3/block_00237.bin
1770822924517,238,0,429000000,229,0,ch0/block_00238.bin
1770822924517,238,1,429000000,229,0,ch1/block_00238.bin
1770822924517,238,2,429000000,229,0,ch2/block_00238.bin
1770822924517,238,3,429000000,229,0,ch3/block_00238.bin
1770822924628,239,0,429000000,229,0,ch0/block_00239.bin
1770822924628,239,1,429000000,229,0,ch1/block_00239.bin
1770822924628,239,2,429000000,229,0,ch2/block_00239.bin
1770822924628,239,3,429000000,229,0,ch3/block_00239.bin
1770822924735,240,0,429000000,229,0,ch0/block_00240.bin
1770822924735,240,1,429000000,229,0,ch1/block_00240.bin
1770822924735,240,2,429000000,229,0,ch2/block_00240.bin
1770822924735,240,3,429000000,229,0,ch3/block_00240.bin
1770822924845,241,0,429000000,229,0,ch0/block_00241.bin
1770822924845,241,1,429000000,229,0,ch1/block_00241.bin
1770822924845,241,2,429000000,229,0,ch2/block_00241.bin
1770822924845,241,3,429000000,229,0,ch3/block_00241.bin
1770822924954,242,0,429000000,229,0,ch0/block_00242.bin
1770822924954,242,1,429000000,229,0,ch1/block_00242.bin
1770822924954,242,2,429000000,229,0,ch2/block_00242.bin
1770822924954,242,3,429000000,229,0,ch3/block_00242.bin
1770822925064,243,0,429000000,229,0,ch0/block_00243.bin
1770822925064,243,1,429000000,229,0,ch1/block_00243.bin
1770822925064,243,2,429000000,229,0,ch2/block_00243.bin
1770822925064,243,3,429000000,229,0,ch3/block_00243.bin
1770822925172,244,0,429000000,229,0,ch0/block_00244.bin
1770822925172,244,1,429000000,229,0,ch1/block_00244.bin
1770822925172,244,2,429000000,229,0,ch2/block_00244.bin
1770822925172,244,3,429000000,229,0,ch3/block_00244.bin
1770822925282,245,0,429000000,229,0,ch0/block_00245.bin
1770822925282,245,1,429000000,229,0,ch1/block_00245.bin
1770822925282,245,2,429000000,229,0,ch2/block_00245.bin
1770822925282,245,3,429000000,229,0,ch3/block_00245.bin
1770822925392,246,0,429000000,229,0,ch0/block_00246.bin
1770822925392,246,1,429000000,229,0,ch1/block_00246.bin
1770822925392,246,2,429000000,229,0,ch2/block_00246.bin
1770822925392,246,3,429000000,229,0,ch3/block_00246.bin
1770822925502,247,0,429000000,229,0,ch0/block_00247.bin
1770822925502,247,1,429000000,229,0,ch1/block_00247.bin
1770822925502,247,2,429000000,229,0,ch2/block_00247.bin
1770822925502,247,3,429000000,229,0,ch3/block_00247.bin
1770822925609,248,0,429000000,229,0,ch0/block_00248.bin
1770822925609,248,1,429000000,229,0,ch1/block_00248.bin
1770822925609,248,2,429000000,229,0,ch2/block_00248.bin
1770822925609,248,3,429000000,229,0,ch3/block_00248.bin
1770822925719,249,0,429000000,229,0,ch0/block_00249.bin
1770822925719,249,1,429000000,229,0,ch1/block_00249.bin
1770822925719,249,2,429000000,229,0,ch2/block_00249.bin
1770822925719,249,3,429000000,229,0,ch3/block_00249.bin
1770822925828,250,0,429000000,229,0,ch0/block_00250.bin
1770822925828,250,1,429000000,229,0,ch1/block_00250.bin
1770822925828,250,2,429000000,229,0,ch2/block_00250.bin
1770822925828,250,3,429000000,229,0,ch3/block_00250.bin
1770822925938,251,0,429000000,229,0,ch0/block_00251.bin
1770822925938,251,1,429000000,229,0,ch1/block_00251.bin
1770822925938,251,2,429000000,229,0,ch2/block_00251.bin
1770822925938,251,3,429000000,229,0,ch3/block_00251.bin
1770822926047,252,0,429000000,229,0,ch0/block_00252.bin
1770822926047,252,1,429000000,229,0,ch1/block_00252.bin
1770822926047,252,2,429000000,229,0,ch2/block_00252.bin
1770822926047,252,3,429000000,229,0,ch3/block_00252.bin
1770822926155,253,0,429000000,229,0,ch0/block_00253.bin
1770822926155,253,1,429000000,229,0,ch1/block_00253.bin
1770822926155,253,2,429000000,229,0,ch2/block_00253.bin
1770822926155,253,3,429000000,229,0,ch3/block_00253.bin
1770822926265,254,0,429000000,229,0,ch0/block_00254.bin
1770822926265,254,1,429000000,229,0,ch1/block_00254.bin
1770822926265,254,2,429000000,229,0,ch2/block_00254.bin
1770822926265,254,3,429000000,229,0,ch3/block_00254.bin
1770822926375,255,0,429000000,229,0,ch0/block_00255.bin
1770822926375,255,1,429000000,229,0,ch1/block_00255.bin
1770822926375,255,2,429000000,229,0,ch2/block_00255.bin
1770822926375,255,3,429000000,229,0,ch3/block_00255.bin
1770822926483,256,0,429000000,229,0,ch0/block_00256.bin
1770822926483,256,1,429000000,229,0,ch1/block_00256.bin
1770822926483,256,2,429000000,229,0,ch2/block_00256.bin
1770822926483,256,3,429000000,229,0,ch3/block_00256.bin
1770822926592,257,0,429000000,229,0,ch0/block_00257.bin
1770822926592,257,1,429000000,229,0,ch1/block_00257.bin
1770822926592,257,2,429000000,229,0,ch2/block_00257.bin
1770822926592,257,3,429000000,229,0,ch3/block_00257.bin
1770822926702,258,0,429000000,229,0,ch0/block_00258.bin
1770822926702,258,1,429000000,229,0,ch1/block_00258.bin
1770822926702,258,2,429000000,229,0,ch2/block_00258.bin
1770822926702,258,3,429000000,229,0,ch3/block_00258.bin
1770822926812,259,0,429000000,229,0,ch0/block_00259.bin
1770822926812,259,1,429000000,229,0,ch1/block_00259.bin
1770822926812,259,2,429000000,229,0,ch2/block_00259.bin
1770822926812,259,3,429000000,229,0,ch3/block_00259.bin
1770822926920,260,0,429000000,229,0,ch0/block_00260.bin
1770822926920,260,1,429000000,229,0,ch1/block_00260.bin
1770822926920,260,2,429000000,229,0,ch2/block_00260.bin
1770822926920,260,3,429000000,229,0,ch3/block_00260.bin
1770822927029,261,0,429000000,229,0,ch0/block_00261.bin
1770822927029,261,1,429000000,229,0,ch1/block_00261.bin
1770822927029,261,2,429000000,229,0,ch2/block_00261.bin
1770822927029,261,3,429000000,229,0,ch3/block_00261.bin
1770822927139,262,0,429000000,229,0,ch0/block_00262.bin
1770822927139,262,1,429000000,229,0,ch1/block_00262.bin
1770822927139,262,2,429000000,229,0,ch2/block_00262.bin
1770822927139,262,3,429000000,229,0,ch3/block_00262.bin
1770822927249,263,0,429000000,229,0,ch0/block_00263.bin
1770822927249,263,1,429000000,229,0,ch1/block_00263.bin
1770822927249,263,2,429000000,229,0,ch2/block_00263.bin
1770822927249,263,3,429000000,229,0,ch3/block_00263.bin
